{
  "hash": "b7e22707",
  "configHash": "6f6b36af",
  "lockfileHash": "909ca4ee",
  "browserHash": "94d48386",
  "optimized": {
    "@angular/common": {
      "src": "../../../../../node_modules/@angular/common/fesm2022/common.mjs",
      "file": "@angular_common.js",
      "fileHash": "f8a2eb55",
      "needsInterop": false
    },
    "@angular/common/http": {
      "src": "../../../../../node_modules/@angular/common/fesm2022/http.mjs",
      "file": "@angular_common_http.js",
      "fileHash": "fbaf8773",
      "needsInterop": false
    },
    "@angular/core": {
      "src": "../../../../../node_modules/@angular/core/fesm2022/core.mjs",
      "file": "@angular_core.js",
      "fileHash": "4eb66e1b",
      "needsInterop": false
    },
    "@angular/platform-browser": {
      "src": "../../../../../node_modules/@angular/platform-browser/fesm2022/platform-browser.mjs",
      "file": "@angular_platform-browser.js",
      "fileHash": "25b28931",
      "needsInterop": false
    },
    "@angular/router": {
      "src": "../../../../../node_modules/@angular/router/fesm2022/router.mjs",
      "file": "@angular_router.js",
      "fileHash": "eaefbdba",
      "needsInterop": false
    },
    "rxjs/operators": {
      "src": "../../../../../node_modules/rxjs/dist/esm5/operators/index.js",
      "file": "rxjs_operators.js",
      "fileHash": "3d0f327a",
      "needsInterop": false
    },
    "@angular/forms": {
      "src": "../../../../../node_modules/@angular/forms/fesm2022/forms.mjs",
      "file": "@angular_forms.js",
      "fileHash": "c04da316",
      "needsInterop": false
    }
  },
  "chunks": {
    "chunk-N5JAXK2W": {
      "file": "chunk-N5JAXK2W.js"
    },
    "chunk-RVT7WTVP": {
      "file": "chunk-RVT7WTVP.js"
    },
    "chunk-EEDTZKTR": {
      "file": "chunk-EEDTZKTR.js"
    },
    "chunk-YSAR5DVB": {
      "file": "chunk-YSAR5DVB.js"
    },
    "chunk-IPLFCT6M": {
      "file": "chunk-IPLFCT6M.js"
    }
  }
}